{
  "classname": null,
  "name": null,
  "animation": {
    "classname": null,
    "name": "AnimationManager",
    "actionlist": []
  },
  "dataScale": 1,
  "designHeight": 960,
  "designWidth": 640,
  "textures": [],
  "texturesPng": [
    "layout/game_start_layout.png",
    "button/start.png",
    "button/illustration.png",
    "button/setup.png",
    "layout/main_layout.png",
    "button/back.png",
    "button/test.png",
    "button/item_normal.png",
    "button/item_pressed.png",
    "layout/victory_layout.png",
    "button/play_again.png",
    "layout/setup_layout.png",
    "button/quit.png",
    "button/effect_on.png",
    "button/effect_off.png",
    "button/music_on.png",
    "button/music_off.png",
    "layout/photo_select_layout.png",
    "button/category_girls.png",
    "button/category_boys.png",
    "button/category_animals.png",
    "button/category_landscapes.png",
    "button/simple.png",
    "button/hard_disable.png",
    "button/back.png",
    "layout/photo_select_layout.png",
    "button/back.png",
    "button/test.png"
  ],
  "version": "1.4.0.1",
  "widgetTree": {
    "classname": "Panel",
    "name": null,
    "children": [
      {
        "classname": "Button",
        "name": null,
        "children": [],
        "options": {
          "__type": "ButtonSurrogate:#EditorCommon.JsonModel.Component.GUI",
          "classname": "Button",
          "name": "BackButton",
          "ZOrder": 0,
          "actiontag": 1,
          "anchorPointX": 0.5,
          "anchorPointY": 0.5,
          "classType": "CocoStudio.EngineAdapterWrap.CSButton",
          "colorB": 255,
          "colorG": 255,
          "colorR": 255,
          "customProperty": "",
          "flipX": false,
          "flipY": false,
          "height": 70,
          "ignoreSize": true,
          "layoutParameter": null,
          "opacity": 255,
          "positionPercentX": 0.09375,
          "positionPercentY": 0.95625,
          "positionType": 0,
          "rotation": 0,
          "scaleX": 1,
          "scaleY": 1,
          "sizePercentX": 0.1203125,
          "sizePercentY": 0.0729166642,
          "sizeType": 0,
          "tag": 270,
          "touchAble": true,
          "useMergedTexture": false,
          "visible": true,
          "width": 77,
          "x": 60,
          "y": 918,
          "capInsetsHeight": 1,
          "capInsetsWidth": 1,
          "capInsetsX": 0,
          "capInsetsY": 0,
          "disabled": null,
          "disabledData": {
            "path": null,
            "plistFile": null,
            "resourceType": 0
          },
          "fontName": "微软雅黑",
          "fontSize": 14,
          "fontType": 0,
          "normal": null,
          "normalData": {
            "path": "button/back.png",
            "plistFile": "",
            "resourceType": 0
          },
          "pressed": null,
          "pressedData": {
            "path": null,
            "plistFile": null,
            "resourceType": 0
          },
          "scale9Enable": false,
          "scale9Height": 70,
          "scale9Width": 77,
          "text": "",
          "textColorB": 255,
          "textColorG": 255,
          "textColorR": 255
        }
      },
      {
        "classname": "PageView",
        "name": null,
        "children": [],
        "options": {
          "__type": "PageViewSurrogate:#EditorCommon.JsonModel.Component.GUI",
          "classname": "PageView",
          "name": "PhotoFragmentPagetView",
          "ZOrder": 0,
          "actiontag": 3,
          "anchorPointX": 0,
          "anchorPointY": 0,
          "classType": "CocoStudio.EngineAdapterWrap.CSPageView",
          "colorB": 255,
          "colorG": 255,
          "colorR": 255,
          "customProperty": "",
          "flipX": false,
          "flipY": false,
          "height": 853,
          "ignoreSize": false,
          "layoutParameter": null,
          "opacity": 255,
          "positionPercentX": 0,
          "positionPercentY": 0,
          "positionType": 0,
          "rotation": 0,
          "scaleX": 1,
          "scaleY": 1,
          "sizePercentX": 1,
          "sizePercentY": 0.888541639,
          "sizeType": 0,
          "tag": 280,
          "touchAble": true,
          "useMergedTexture": false,
          "visible": true,
          "width": 640,
          "x": 0,
          "y": 0,
          "backGroundImage": null,
          "backGroundImageData": null,
          "backGroundScale9Enable": false,
          "bgColorB": 100,
          "bgColorG": 150,
          "bgColorOpacity": 0,
          "bgColorR": 150,
          "bgEndColorB": 100,
          "bgEndColorG": 150,
          "bgEndColorR": 255,
          "bgStartColorB": 255,
          "bgStartColorG": 255,
          "bgStartColorR": 255,
          "capInsetsHeight": 1,
          "capInsetsWidth": 1,
          "capInsetsX": 0,
          "capInsetsY": 0,
          "clipAble": true,
          "colorType": 1,
          "editorClipAble": false,
          "vectorX": 0,
          "vectorY": -0.5
        }
      },
      {
        "classname": "LabelBMFont",
        "name": null,
        "children": [],
        "options": {
          "__type": "LabelBMFontSurrogate:#EditorCommon.JsonModel.Component.GUI",
          "classname": "LabelBMFont",
          "name": "CurrentPhotoIndexLabel",
          "ZOrder": 0,
          "actiontag": 4,
          "anchorPointX": 0.5,
          "anchorPointY": 0.5,
          "classType": "CocoStudio.EngineAdapterWrap.CSLabelBMFont",
          "colorB": 0,
          "colorG": 69,
          "colorR": 150,
          "customProperty": "",
          "flipX": false,
          "flipY": false,
          "height": 76,
          "ignoreSize": true,
          "layoutParameter": null,
          "opacity": 255,
          "positionPercentX": 0.3716518,
          "positionPercentY": 0.951041639,
          "positionType": 0,
          "rotation": 0,
          "scaleX": 0.8653032,
          "scaleY": 0.8725317,
          "sizePercentX": 0.18125,
          "sizePercentY": 0.0791666657,
          "sizeType": 0,
          "tag": 371,
          "touchAble": false,
          "useMergedTexture": false,
          "visible": true,
          "width": 87,
          "x": 237,
          "y": 913,
          "fileNameData": {
            "path": "fonts/cartoon_digit.fnt",
            "plistFile": "",
            "resourceType": 0
          },
          "text": "999"
        }
      },
      {
        "classname": "LabelBMFont",
        "name": null,
        "children": [],
        "options": {
          "__type": "LabelBMFontSurrogate:#EditorCommon.JsonModel.Component.GUI",
          "classname": "LabelBMFont",
          "name": "TotalPhotoIndexLabel",
          "ZOrder": 0,
          "actiontag": 6,
          "anchorPointX": 0.5,
          "anchorPointY": 0.5,
          "classType": "CocoStudio.EngineAdapterWrap.CSLabelBMFont",
          "colorB": 0,
          "colorG": 69,
          "colorR": 150,
          "customProperty": "",
          "flipX": false,
          "flipY": false,
          "height": 76,
          "ignoreSize": true,
          "layoutParameter": null,
          "opacity": 255,
          "positionPercentX": 0.556919754,
          "positionPercentY": 0.951041639,
          "positionType": 0,
          "rotation": 0,
          "scaleX": 0.8653032,
          "scaleY": 0.8725317,
          "sizePercentX": 0.18125,
          "sizePercentY": 0.0791666657,
          "sizeType": 0,
          "tag": 373,
          "touchAble": false,
          "useMergedTexture": false,
          "visible": true,
          "width": 87,
          "x": 356,
          "y": 913,
          "fileNameData": {
            "path": "fonts/cartoon_digit.fnt",
            "plistFile": "",
            "resourceType": 0
          },
          "text": "999"
        }
      },
      {
        "classname": "LabelBMFont",
        "name": null,
        "children": [],
        "options": {
          "__type": "LabelBMFontSurrogate:#EditorCommon.JsonModel.Component.GUI",
          "classname": "LabelBMFont",
          "name": "SlashLabel",
          "ZOrder": 0,
          "actiontag": 7,
          "anchorPointX": 0.5,
          "anchorPointY": 0.5,
          "classType": "CocoStudio.EngineAdapterWrap.CSLabelBMFont",
          "colorB": 0,
          "colorG": 69,
          "colorR": 150,
          "customProperty": "",
          "flipX": false,
          "flipY": false,
          "height": 76,
          "ignoreSize": true,
          "layoutParameter": null,
          "opacity": 255,
          "positionPercentX": 0.46875,
          "positionPercentY": 0.9394344,
          "positionType": 0,
          "rotation": 0,
          "scaleX": 0.8653032,
          "scaleY": 0.8725317,
          "sizePercentX": 0.18125,
          "sizePercentY": 0.0791666657,
          "sizeType": 0,
          "tag": 374,
          "touchAble": false,
          "useMergedTexture": false,
          "visible": true,
          "width": 27,
          "x": 300,
          "y": 901,
          "fileNameData": {
            "path": "fonts/cartoon_digit.fnt",
            "plistFile": "",
            "resourceType": 0
          },
          "text": "/"
        }
      },
      {
        "classname": "Button",
        "name": null,
        "children": [],
        "options": {
          "__type": "ButtonSurrogate:#EditorCommon.JsonModel.Component.GUI",
          "classname": "Button",
          "name": "DeleteButton",
          "ZOrder": 0,
          "actiontag": 8,
          "anchorPointX": 0.5,
          "anchorPointY": 0.5,
          "classType": "CocoStudio.EngineAdapterWrap.CSButton",
          "colorB": 255,
          "colorG": 255,
          "colorR": 255,
          "customProperty": "",
          "flipX": false,
          "flipY": false,
          "height": 72,
          "ignoreSize": true,
          "layoutParameter": null,
          "opacity": 255,
          "positionPercentX": 0.839285851,
          "positionPercentY": 0.9489187,
          "positionType": 0,
          "rotation": 0,
          "scaleX": 1,
          "scaleY": 1,
          "sizePercentX": 0.1609375,
          "sizePercentY": 0.0416666679,
          "sizeType": 0,
          "tag": 375,
          "touchAble": true,
          "useMergedTexture": false,
          "visible": true,
          "width": 189,
          "x": 537,
          "y": 910,
          "capInsetsHeight": 1,
          "capInsetsWidth": 1,
          "capInsetsX": 0,
          "capInsetsY": 0,
          "disabled": null,
          "disabledData": {
            "path": null,
            "plistFile": null,
            "resourceType": 0
          },
          "fontName": "微软雅黑",
          "fontSize": 14,
          "fontType": 0,
          "normal": null,
          "normalData": {
            "path": "button/test.png",
            "plistFile": "",
            "resourceType": 0
          },
          "pressed": null,
          "pressedData": {
            "path": null,
            "plistFile": null,
            "resourceType": 0
          },
          "scale9Enable": false,
          "scale9Height": 72,
          "scale9Width": 189,
          "text": "",
          "textColorB": 255,
          "textColorG": 255,
          "textColorR": 255
        }
      }
    ],
    "options": {
      "__type": "PanelSurrogate:#EditorCommon.JsonModel.Component.GUI",
      "classname": "Panel",
      "name": "MainPanel",
      "ZOrder": 0,
      "actiontag": 2,
      "anchorPointX": 0,
      "anchorPointY": 0,
      "classType": "CocoStudio.EngineAdapterWrap.CSPanel",
      "colorB": 255,
      "colorG": 255,
      "colorR": 255,
      "customProperty": "",
      "flipX": false,
      "flipY": false,
      "height": 960,
      "ignoreSize": false,
      "layoutParameter": null,
      "opacity": 255,
      "positionPercentX": 0,
      "positionPercentY": 0,
      "positionType": 0,
      "rotation": 0,
      "scaleX": 1,
      "scaleY": 1,
      "sizePercentX": 1,
      "sizePercentY": 1,
      "sizeType": 0,
      "tag": 268,
      "touchAble": true,
      "useMergedTexture": false,
      "visible": true,
      "width": 640,
      "x": 0,
      "y": 0,
      "adaptScreen": false,
      "backGroundImage": null,
      "backGroundImageData": {
        "path": "layout/photo_select_layout.png",
        "plistFile": "",
        "resourceType": 0
      },
      "backGroundScale9Enable": false,
      "bgColorB": 255,
      "bgColorG": 200,
      "bgColorOpacity": 0,
      "bgColorR": 150,
      "bgEndColorB": 255,
      "bgEndColorG": 200,
      "bgEndColorR": 150,
      "bgStartColorB": 255,
      "bgStartColorG": 255,
      "bgStartColorR": 255,
      "capInsetsHeight": 1,
      "capInsetsWidth": 1,
      "capInsetsX": 0,
      "capInsetsY": 0,
      "clipAble": false,
      "colorType": 1,
      "layoutType": 0,
      "vectorX": 0,
      "vectorY": -0.5
    }
  }
}