{
  "classname": null,
  "name": null,
  "animation": {
    "classname": null,
    "name": "AnimationManager",
    "actionlist": []
  },
  "dataScale": 1,
  "designHeight": 960,
  "designWidth": 640,
  "textures": [],
  "texturesPng": [
    "layout/game_start_layout.png",
    "button/start.png",
    "button/illustration.png",
    "button/setup.png",
    "layout/main_layout.png",
    "button/back.png",
    "button/test.png",
    "button/item_normal.png",
    "button/item_pressed.png",
    "layout/victory_layout.png",
    "button/play_again.png"
  ],
  "version": "1.4.0.1",
  "widgetTree": {
    "classname": "Panel",
    "name": null,
    "children": [
      {
        "classname": "Button",
        "name": null,
        "children": [],
        "options": {
          "__type": "ButtonSurrogate:#EditorCommon.JsonModel.Component.GUI",
          "classname": "Button",
          "name": "PlayAgainButton",
          "ZOrder": 0,
          "actiontag": 5,
          "anchorPointX": 0,
          "anchorPointY": 0,
          "classType": "CocoStudio.EngineAdapterWrap.CSButton",
          "colorB": 255,
          "colorG": 255,
          "colorR": 255,
          "customProperty": "",
          "flipX": false,
          "flipY": false,
          "height": 72,
          "ignoreSize": true,
          "layoutParameter": null,
          "opacity": 255,
          "positionPercentX": 0.3546875,
          "positionPercentY": 0.13229166,
          "positionType": 0,
          "rotation": 0,
          "scaleX": 1,
          "scaleY": 1,
          "sizePercentX": 0.2953125,
          "sizePercentY": 0.075,
          "sizeType": 0,
          "tag": 184,
          "touchAble": true,
          "useMergedTexture": false,
          "visible": true,
          "width": 189,
          "x": 227,
          "y": 127,
          "capInsetsHeight": 1,
          "capInsetsWidth": 1,
          "capInsetsX": 0,
          "capInsetsY": 0,
          "disabled": null,
          "disabledData": {
            "path": null,
            "plistFile": null,
            "resourceType": 0
          },
          "fontName": "微软雅黑",
          "fontSize": 24,
          "fontType": 0,
          "normal": null,
          "normalData": {
            "path": "button/play_again.png",
            "plistFile": "",
            "resourceType": 0
          },
          "pressed": null,
          "pressedData": {
            "path": null,
            "plistFile": null,
            "resourceType": 0
          },
          "scale9Enable": false,
          "scale9Height": 72,
          "scale9Width": 189,
          "text": "",
          "textColorB": 0,
          "textColorG": 69,
          "textColorR": 150
        }
      },
      {
        "classname": "LabelBMFont",
        "name": null,
        "children": [],
        "options": {
          "__type": "LabelBMFontSurrogate:#EditorCommon.JsonModel.Component.GUI",
          "classname": "LabelBMFont",
          "name": "UseTimeLabel",
          "ZOrder": 0,
          "actiontag": 10,
          "anchorPointX": 0.5,
          "anchorPointY": 0.5,
          "classType": "CocoStudio.EngineAdapterWrap.CSLabelBMFont",
          "colorB": 0,
          "colorG": 69,
          "colorR": 150,
          "customProperty": "",
          "flipX": false,
          "flipY": false,
          "height": 76,
          "ignoreSize": true,
          "layoutParameter": null,
          "opacity": 255,
          "positionPercentX": 0.65,
          "positionPercentY": 0.56875,
          "positionType": 0,
          "rotation": 0,
          "scaleX": 0.8653032,
          "scaleY": 0.8725317,
          "sizePercentX": 0.18125,
          "sizePercentY": 0.0791666657,
          "sizeType": 0,
          "tag": 191,
          "touchAble": false,
          "useMergedTexture": false,
          "visible": true,
          "width": 116,
          "x": 416,
          "y": 546,
          "fileNameData": {
            "path": "fonts/cartoon_digit.fnt",
            "plistFile": "",
            "resourceType": 0
          },
          "text": "9999"
        }
      },
      {
        "classname": "LabelBMFont",
        "name": null,
        "children": [],
        "options": {
          "__type": "LabelBMFontSurrogate:#EditorCommon.JsonModel.Component.GUI",
          "classname": "LabelBMFont",
          "name": "UseStepLabel",
          "ZOrder": 0,
          "actiontag": 13,
          "anchorPointX": 0.5,
          "anchorPointY": 0.5,
          "classType": "CocoStudio.EngineAdapterWrap.CSLabelBMFont",
          "colorB": 0,
          "colorG": 69,
          "colorR": 150,
          "customProperty": "",
          "flipX": false,
          "flipY": false,
          "height": 76,
          "ignoreSize": true,
          "layoutParameter": null,
          "opacity": 255,
          "positionPercentX": 0.6515625,
          "positionPercentY": 0.492708325,
          "positionType": 0,
          "rotation": 0,
          "scaleX": 0.87,
          "scaleY": 0.87,
          "sizePercentX": 0.18125,
          "sizePercentY": 0.0791666657,
          "sizeType": 0,
          "tag": 194,
          "touchAble": false,
          "useMergedTexture": false,
          "visible": true,
          "width": 116,
          "x": 417,
          "y": 473,
          "fileNameData": {
            "path": "fonts/cartoon_digit.fnt",
            "plistFile": "",
            "resourceType": 0
          },
          "text": "9999"
        }
      }
    ],
    "options": {
      "__type": "PanelSurrogate:#EditorCommon.JsonModel.Component.GUI",
      "classname": "Panel",
      "name": "MainPanel",
      "ZOrder": 0,
      "actiontag": -1,
      "anchorPointX": 0,
      "anchorPointY": 0,
      "classType": "CocoStudio.EngineAdapterWrap.CSPanel",
      "colorB": 255,
      "colorG": 255,
      "colorR": 255,
      "customProperty": "",
      "flipX": false,
      "flipY": false,
      "height": 960,
      "ignoreSize": false,
      "layoutParameter": null,
      "opacity": 255,
      "positionPercentX": 0,
      "positionPercentY": 0,
      "positionType": 0,
      "rotation": 0,
      "scaleX": 1,
      "scaleY": 1,
      "sizePercentX": 1,
      "sizePercentY": 1,
      "sizeType": 0,
      "tag": 172,
      "touchAble": true,
      "useMergedTexture": false,
      "visible": true,
      "width": 640,
      "x": 0,
      "y": 0,
      "adaptScreen": false,
      "backGroundImage": null,
      "backGroundImageData": {
        "path": "layout/victory_layout.png",
        "plistFile": "",
        "resourceType": 0
      },
      "backGroundScale9Enable": false,
      "bgColorB": 111,
      "bgColorG": 176,
      "bgColorOpacity": 0,
      "bgColorR": 90,
      "bgEndColorB": 255,
      "bgEndColorG": 200,
      "bgEndColorR": 150,
      "bgStartColorB": 255,
      "bgStartColorG": 255,
      "bgStartColorR": 255,
      "capInsetsHeight": 1,
      "capInsetsWidth": 1,
      "capInsetsX": 0,
      "capInsetsY": 0,
      "clipAble": false,
      "colorType": 1,
      "layoutType": 0,
      "vectorX": 0,
      "vectorY": -0.5
    }
  }
}